black box type,black box train accuracy,black box test accuracy
DecisionTreeClassifier,1.0,0.998
anchors precision
,decile: ,1.0
,quartile: ,1.0
,entropy: ,1.0
,MDLP: ,1.0
""
anchors coverage
,decile: ,0.23
,quartile: ,0.34
,entropy: ,0.27
,MDLP: ,0.27
""
anchors prec*coverage
,decile: ,0.23
,quartile: ,0.34
,entropy: ,0.27
,MDLP: ,0.27
""
anchors size
,decile: ,1.0
,quartile: ,1.0
,entropy: ,1.0
,MDLP: ,1.0
""
time to compute anchors
,decile: ,2.14
,quartile: ,0.83
,entropy: ,1.69
,MDLP: ,8.54
""
dataset name,dataset size,dataset nb feature,Number of instances running
generate_moons,10000,2,8
