black box type,black box train accuracy,black box test accuracy,anchor precision threshold
tuner,0.85,0.8,0.75

anchors precision
,Use of mask word: ,0.01
,Replace all words: ,0.0
""
anchors coverage
,Use of mask word: ,0.16
,Replace all words: ,0.34
""
anchors prec*coverage
,Use of mask word: ,0.0
,Replace all words: ,0.0
""
anchors size
,Use of mask word: ,3.8
,Replace all words: ,2.3
""
time to compute anchors
,Use of mask word: ,483.15
,Replace all words: ,1506.64
""
dataset name,dataset size,Number of instances running
bert,60,10
